Reference,Title,Publication Details,Hantavirus Strain,Focus on 2026 outbreak?,Key summary ,Foci,Population,Transmission
"Albornoz, et al, (2025), bioRxiv",Cell surface localization and intercellular transfer of the hantavirus nucleocapsid protein via a viral assembly-independent mechanism,"pre-print, primary research","Andes Virus (ANDV), Tula virus",,,,,
"Jackson, et al, (2025), American Journal of Tropical Medicine and Hygiene","Epidemiologic and Environmental Investigations of Reported Hantavirus Cases Inform Exposure Risk in California, 1993-2020","Peer-reviewed publication, primary research",Sin Nombre virus (SNV),No,"Analysis of hantavirus cases in California from 1993 to 2020 showed that 31% of cases were fatal, and 40% reported direct contact with rodents or having cleaned rodent-affected areas. 
Visual evidence of rodent activity was detected in 74% of the environmental investigations, including patients' residences, workplaces and recreational areas.",Epidemiological parameters; Genomics and structural characterization; Other epidemiology (e.g. emergence and spread),"animals, humans",zoonotic
"Farsiu, et al, (2026), Frontiers in Microbiology","Emerging and re-emerging vector-borne and other zoonotic RNA viruses: pathogenesis, climate-driven dynamics, and strategies for global control","Peer-reviewed publication, non-primary:, narrative literature review","Human - Americas, Human - not Americas",,,,,
"Rickard, et al, (2026), Emerging Infectious Diseases","Genomic Analysis of Sin Nombre Virus Sequences, Northwestern United States, 2023","Peer-reviewed publication, primary research",Sin Nombre virus (SNV),No,"Analysis of Sin Nombre virus genome sequences from 189 rodents in the northwestern United States (2023) revealed high SNV prevalence in the region and evidence of virus reassortment or coinfection, highlighting ongoing virus diversification in rodents.",Genomics and structural characterization; Other epidemiology (e.g. emergence and spread),animals,
"Ulloa-Zepeda, et al, (2026), SSRN",Genomic Surveillance of Andes Virus Uncovers Hidden Diversity in Chile,"pre-print, primary research",Andes Virus (ANDV),No,"Phylogenetic analyses of ANDV genomes from rodents in Chile (sampled 2011-2014) showed substantial genetic diversity within and between local rodent populations over short spatial and temporal scales, indicating sustained co-circulation
of divergent lineages and potential reassortment.",Genomics and structural characterization,animals,
"Oliveira, et al, (2026), Revista do Instituto de Medicina Tropical de Sao Paulo","Epidemiological study of hantavirus in Southern Brazil, 2009-2019","Peer-reviewed publication, primary research",Human - Americas,No,"Analysis of 177 hantavirus cases reported in Santa Catarina, Brazil from 2009 to 2019 showed that hospitalization was required for 89.7% of cases and the CFR was 33.3%. Clinical risk factors for death included respiratory signs, increased hematocrit, and the need for mechanical ventilation.",Epidemiological parameters; Clinical Data; Other epidemiology (e.g. emergence and spread),"humans, children, elderly",zoonotic
"Spruill-Harrell, et al, (2026), PLoS Pathogens",Purifying selection constrains the evolution of Juquitiba virus in wild Oligoryzomys nigripes communities,"Peer-reviewed publication, primary research",Juquitiba virus,No,"Present the first in-depth examination of the intrinsic genetic diversity and evolution of the Juquitiba virus within its reservoir, Oligoryzomys nigripes. Findings suggest that within-host interactions of virus and host are likely the most significant drivers of viral evolution.",Genomics and structural characterization,"animals, virus - invitro, virus - insilico",
"Alsharedeh, et al, (2026), #journal#","Hantaviruses: Bridging Species, Crossing Borders","grey literature publication - other, non-primary:, other type of non-primary","Human - Americas, Human - not Americas",,,,,
"Aljabali, et al, (2026), #journal#",Neglected Viruses,"grey literature publication - other, non-primary:, other type of non-primary","Human - Americas, Human - not Americas",,,,,
"Senarathne, et al, (2026), Tropical Medicine and Health",Serological profiling of hantavirus infections in chronic kidney disease of unknown etiology non-endemic regions of Sri Lanka,"Peer-reviewed publication, primary research",Human - rare,,,,,
"Schwarzer-Sperber, et al, (2026), Virology Journal","A Standardized workflow for Orthohantavirus production, detection, and antiviral screening","Peer-reviewed publication, primary research","Puumala virus (PUUV), Tula virus",,,,,
"Tortosa, et al, (2026), BMJ Open",Prognostic factors for mortality in patients infected with New World hantaviruses: a systematic review and meta-analysis,"Peer-reviewed publication, non-primary:, systematic review",Human - Americas,No,"This systematic review and meta-analysis identified the following prognostic factors associated with mortality in patients with New World hantavirus infection (moderate to high certainty): female sex, elevated creatinine levels, increased haematocrit, rural (vs urban) residence, clinical signs of bleeding and the presence of infiltrates on chest radiographs.",Other epidemiology (e.g. emergence and spread),humans,
"Milton, et al, (2026), BMJ",Hantavirus outbreak should reset WHO's default approach to airborne risk,"Peer-reviewed publication, non-primary:, commentary / editorial",Andes Virus (ANDV),,,,,
"Lang, et al, (2026), BMJ",Hantavirus: French and US nationals test positive as cruise ship docks in Canary Islands,"grey literature publication - other, non-primary:, news article",Andes Virus (ANDV),,,,,
"Iacobucci, et al, (2026), BMJ",Hantavirus: people are betting on a pandemic breaking out,"grey literature publication - other, non-primary:, news article",Human - Americas,,,,,
"Iacobucci, et al, (2026), BMJ","Hantavirus: Third British national has suspected infection as WHO says this is ""not the start of a pandemic""","grey literature publication - other, non-primary:, news article",Andes Virus (ANDV),,,,,
"Lang, et al, (2026), BMJ",Hantavirus: What you need to know,"grey literature publication - other, non-primary:, news article",Andes Virus (ANDV),,,,,
"Taylor, et al, (2026), BMJ",Hantavirus: Three dead in cruise ship outbreak as authorities investigate human-to-human transmission,"grey literature publication - other, non-primary:, news article",Andes Virus (ANDV),,,,,
"Nunez-Samudio, et al, (2021), BMJ Case Reports",Dengue and hantavirus coinfection with good outcomes: a clinical case from Panama,"Peer-reviewed publication, primary research",Human - Americas,No,"This case report describes a 62-year-old patient coinfected with dengue and hantavirus in Panama, 2015. The patient recovered after hospital treatment and did not require intensive care.",Clinical Data,humans,
"Zhai, et al, (2026), Zoonoses and Public Health","Epidemiological Features and Spatial-Temporal Distribution of Hemorrhagic Fever With Renal Syndrome-China, 2004-2023","Peer-reviewed publication, primary research",Human - Americas,No,"From 2004 to 2023, surveillance data documented 204,039 HFRS cases in Mainland China, including 1801 deaths, yielding a case fatality rate of 0.88%. An upward trend was observed in both the proportion and incidence rate among individuals aged 60–69?years.",Epidemiological parameters; Other epidemiology (e.g. emergence and spread),"humans, elderly",
"Luis, et al, (2026), Ecology Letters",Community Assembly Reveals How Environmental Controls Over Rodent Competition Drive Deer Mouse Density and Hantavirus Infection,"Peer-reviewed publication, primary research",Sin Nombre virus (SNV),No,"Analysis of deer mouse populations across the southwestern United States found that deer mouse abundance had a strong positive effect on SNV prevalence (??=?0.87). Across roughly half of the locations, environmental conditions favoured strong competitors that consistently suppressed deer mouse abundance and thereby SNV prevalence.",Other epidemiology (e.g. emergence and spread),animals,
"Oishi, et al, (2026), Scientific Reports",Hantavirus L protein exhibits shutoff activity mediated by its N-terminal endonuclease domain,"pre-print, primary research","Andes Virus (ANDV), Dobrava-Belgrade virus (DOBV), Hantaan virus (HTNV), Puumala virus (PUUV), Seoul Virus (SEOV)",,,,,
"Lopez-Camacho, et al, (2026), Nature",Cruise-ship hantavirus cluster exposes a wider preparedness gap,"Peer-reviewed publication, non-primary:, commentary / editorial",Andes Virus (ANDV),,,,,
"Basu, et al, (2026), Nature",Hantavirus outbreak exposes uncertainty about how disease spreads,"grey literature publication - other, non-primary:, news article",Andes Virus (ANDV),,,,,
"Basu, et al, (2026), Nature",There is no vaccine for deadly hantavirus: what that means for future outbreaks,"grey literature publication - other, non-primary:, news article",Andes Virus (ANDV),,,,,
"Basu, et al, (2026), Nature",Hantavirus crops up on a cruise ship - what scientists are watching,"grey literature publication - other, non-primary:, news article",Andes Virus (ANDV),,,,,
"Carlisle, et al, (2026), #journal#",From Cabin Cleanup to Critical Care: Managing Hantavirus Infection,"grey literature publication - other, non-primary:, other type of non-primary",Andes Virus (ANDV),,,,,
"Zumla, et al, (2026), Travel Medicine & Infectious Disease",Lethal Hantavirus at Sea: Infectious Disease Outbreaks on Cruise Ships and Limits of Preparedness,"Peer-reviewed publication, non-primary:, commentary / editorial","Andes Virus (ANDV), Sin Nombre virus (SNV), Human - Americas, Human - not Americas, Dobrava-Belgrade virus (DOBV), Hantaan virus (HTNV), Puumala virus (PUUV), Seoul Virus (SEOV)",,,,,
"Irving, et al, (2026), Trends in microbiology",Lessons learned from bat and rodent reservoir hosts of zoonotic viruses,"Peer-reviewed publication, non-primary:, narrative literature review","Andes Virus (ANDV), Sin Nombre virus (SNV), Hantaan virus (HTNV), Seoul Virus (SEOV)",,,,,
"Berche, et al, (2026), #journal#",Laboratory-associated infections and biosafety,"Peer-reviewed publication, non-primary:, narrative literature review",Human - Americas,,,,,
"Velavan, et al, (2026), International Journal of Infectious Diseases","When Rare Zoonoses Travel: Andes virus, Hantavirus Cardiopulmonary Syndrome, and the Preparedness Gap","Peer-reviewed publication, non-primary:, commentary / editorial",Andes Virus (ANDV),,,,,
"Chen, et al, (2026), International journal of biological macromolecules",Development and application of NanoLuc-based LIPS assay for antibody detection of orthohantavirus infections and vaccine responses,"Peer-reviewed publication, primary research","Andes Virus (ANDV), Hantaan virus (HTNV), Puumala virus (PUUV), Seoul Virus (SEOV), Human - rare",,,,,
"Guo, et al, (2026), Environmental Challenges",Robust data integration methods for understanding associations between climate change and hantavirus infection in Europe are needed: A systematic-narrative hybrid literature review,"Peer-reviewed publication, non-primary:, other type of evidence synthesis","Human - Americas, Puumala virus (PUUV)",,,,,
"Casel, et al, (2026), Current Opinion in Virology",Immunopathogenic insights into members of the class Bunyaviricetes: a comparative review of emerging zoonotic threats,"Peer-reviewed publication, non-primary:, narrative literature review","Andes Virus (ANDV), Sin Nombre virus (SNV), Dobrava-Belgrade virus (DOBV), Hantaan virus (HTNV), Puumala virus (PUUV), Seoul Virus (SEOV)",,,,,
"Guo, et al, (2026), Cell",High-resolution in situ structures of hantavirus glycoprotein tetramers,"Peer-reviewed publication, primary research",Andes Virus (ANDV),No,"A virus-like particle (VLP) system was used to determine the resolution structure of the membrane-embedded ANDV glycoprotein tetramer, dimers of tetramers and a complex with antibody ADI-65534. Immunogenicity studies of ANDV-VLPs as a self-amplifying replicon RNA vaccine candidate in mice showed improved binding —but equivalent neutralizing—antibody titers.",Other vaccine studies; Genomics and structural characterization,"animals, virus - invitro, virus - insilico",
"Ali, et al, (2026), Chemical Papers",Exploration of potential drugs in treatment of hantavirus pulmonary syndrome using graph-theoretical QSPR modeling,"Peer-reviewed publication, primary research",Human - Americas,No,"This paper develops a quantitative structure–property relationship (QSPR) framework for a curated set of fourteen HPS-related drug candidates using key physicochemical endpoints. Results support reproducible, computation-driven screening of candidate compounds.",Treatment /Prophylaxis,virus - insilico,
"Carrizo, et al, (2026), Ecohealth",Evidence of Juquitiba and Jabora Orthohantavirus Co-Circulation in Rodent Communities of Argentina,"Peer-reviewed publication, primary research",Juquitiba virus,,,,,
"Weinstein, et al, (2025), Journal of Hospital Medicine",Mouse in the Monastery: Vv Ecmo for a Patient with Severe Hantavirus Pulmonary Syndrome,"grey literature publication - other, primary research",Human - Americas,No,"This conference abstract describes a 53-year-old Vietnamese monk living in a rural Texas monastery who developed Hantavirus Pulmonary Syndrome. Delayed presentation, severe infection, and older age likely contributed to this patient's poor outcome.",Clinical Data,humans,
"Lee, et al, (2025), Journal of Molecular Diagnostics",#VALUE!,"Peer-reviewed publication, primary research",Human - Americas,No,"This conference abstract describes an automated multiplex real-time PCR system to detect four pathogens including hantavirus. Compared to manual real-time PCR, the limit of detection for all four targets increased from 5 to 25 copies/reaction with the automated real-time PCR.",Diagnostic / Detection test performance,virus - invitro,
", (2020), clinicaltrials.gov",#VALUE!,"grey literature publication - other, non-primary:, other type of non-primary","Human - Americas, Human - not Americas",,,,,
"Shepherd, et al, (2026), BMJ",Hantavirus: Army drops in with medic and supplies to remote British island,"grey literature publication - other, non-primary:, news article",Andes Virus (ANDV),,,,,
"Mora-Rillo, et al, (2026), Clinical Microbiology & Infection",Andes hantavirus outbreak on a cruise ship - an ESCMID Emerging Infections Subcommittee (EIS) rapid assessment,"Peer-reviewed publication, non-primary:, commentary / editorial",Andes Virus (ANDV),,,,,
"Kupferschmidt, et al, (2026), Science (New York, N.Y.)",Cruise ship outbreak spotlights a little-studied hantavirus,"grey literature publication - other, non-primary:, news article",Andes Virus (ANDV),,,,,
"Horton, et al, (2026), Lancet (London, England)","Offline: Hantavirus-surprise, complacency, and peril","Peer-reviewed publication, non-primary:, commentary / editorial",Andes Virus (ANDV),,,,,
"Lee, et al, (2026), Preprints.org","Cardiopulmonary Failure in Hantavirus Disease: Mechanisms, Recognition, and ECMO-Based Management","pre-print, non-primary:, narrative literature review","Andes Virus (ANDV), Sin Nombre virus (SNV), Hantaan virus (HTNV), New York virus",,,,,
"Guzzi, et al, (2026), Preprints.org",Integrated Downstream Analysis and Epidemiological Modelling of Hantavirus Infection: From Host Transcriptomics to Transmission Dynamics,"pre-print, primary research","Andes Virus (ANDV), Hantaan virus (HTNV)",,,,,
"De-Simone, et al, (2026), Preprints.org",Biosecurity and Diagnosis of Viral Hemorrhagic Fevers: Strategic Considerations for Military Medicine,"pre-print, non-primary:, narrative literature review","Human - Americas, Human - not Americas, Hantaan virus (HTNV)",,,,,
"Berjaoui, et al, (2026), Veterinaria Italiana",Hantaviruses in the One Health era: strengthening surveillance before the next spillover,"Peer-reviewed publication, non-primary:, commentary / editorial","Andes Virus (ANDV), Sin Nombre virus (SNV), Dobrava-Belgrade virus (DOBV), Hantaan virus (HTNV), Puumala virus (PUUV)",,,,,
"Lang, et al, (2026), BMJ",Hantavirus: Quarantined British passengers are discharged to home isolation,"grey literature publication - other, non-primary:, news article",Andes Virus (ANDV),,,,,
"Thompson, et al, (2026), Nature",Briefing Chat: Hantavirus - what this outbreak reveals about the disease,"grey literature publication - other, non-primary:, other type of non-primary",Andes Virus (ANDV),,,,,
"Islam, et al, (2026), Lancet",Hantavirus outbreak on a cruise ship in the South Atlantic,"Peer-reviewed publication, non-primary:, commentary / editorial",Andes Virus (ANDV),,,,,
"Cousin, et al, (2026), Hantavirus et grossesse : quelles implications obstetricales face a l'emergence du virus Andes?",[Hantavirus and pregnancy: what obstetric implications in the face of the emergence of the Andes virus?],"Peer-reviewed publication, non-primary:, commentary / editorial",Andes Virus (ANDV),,,,,
"WHO, (2026), #journal#","Laboratory testing of Andes virus (Orthohantavirus andesense) infection: interim guidance, 15 May 2026","grey literature publication - official government, non-primary:, guideline",Andes Virus (ANDV),both,"This document provides interim guidance for laboratories, clinicians, health workers, public health officials and other stakeholders responding to outbreaks of Andes virus in non-endemic areas (i.e. areas where ANDV is not enzootic in rodent reservoir) and involved in the diagnosis and care of patients with suspected or probable Andes virus, from specimen collection through to diagnostic analysis and reporting.",Diagnostic / Detection test performance,humans,
"WHO, (2026), #journal#","WHO Rapid Risk Assessment - Hantavirus outbreak caused by Andes virus, Global v.2","grey literature publication - official government, non-primary:, risk assessment",Andes Virus (ANDV),Yes,"This risk assessment provides an updated analysis of the current situation related to the hantavirus outbreak associated
with the cruise ship MV Hondius. The global public health risk remains low, while the risk for passengers and crew who were onboard the cruise ship remains moderate.",Epidemiological parameters; Clinical Data; Other epidemiology (e.g. emergence and spread),humans,human to human
"University of Oxford Kraemer Lab, (2026), #journal#",Global.health: Hondius hantavirus 2026 outbreak data,"grey literature publication - other, non-primary:, other type of non-primary",Andes Virus (ANDV),,,,,
"Andrews, et al, (2026), #journal#",Transmission dynamics of Andes virus and implications for outbreak monitoring,"grey literature publication - other, primary research",Andes Virus (ANDV),both,"Re-analysis of two ANDV historical outbreaks in Argentina (1996 cluster in El Bolsón and 2018–2019 outbreak in Epuyén) identified a median human-to-human incubation period of 20.1 days (IQR 14.8-27.2). Analysis of the empirical generation time curves revealed that approximately 24% of transmission occurs during a presymptomatic, subclinical, or early prodromal phase, prior to the onset of severe febrile illness.",Epidemiological parameters,humans,human to human
"CDC, (2026), #journal#",Interim Guidance for Public Health Assessment and Management of People with Potential Exposure to Andes Virus,"grey literature publication - official government, non-primary:, guideline",Andes Virus (ANDV),Yes,"The purpose of this document is to support health departments in managing individuals who have experienced a potential exposure associated with the M/V Hondius Andes virus outbreak. This includes Exposure Risk Stratification, Risk-Based Management for Contacts, Laboratory Diagnostics, and Infection Prevention and Control in Healthcare Settings.",Interventions (PHM and IPC),humans,
"ECDC, (2026), #journal#","Rapid scientific advice on infection, prevention and control measures for patients in healthcare settings with Andes virus (ANDV) disease","grey literature publication - official government, non-primary:, guideline",Andes Virus (ANDV),Yes,This document aims to provide advice on infection prevention and control (IPC) measures for healthcare facilities providing care to patients with suspected or confirmed ANDV disease.,Interventions (PHM and IPC),humans,
"UKHSA, (2026), #journal#",Hantavirus: human-to-human infection transmission parameters,"grey literature publication - official government, non-primary:, other type of evidence synthesis",Andes Virus (ANDV),Yes,"Incubation period could range from 9 to 40 days, with studies reporting a mean between 21 to 27.5 days. The reported serial interval ranged from 4 to 40 days with means from 19.6 to 25.7 days. Although no studies were able to confirm route of transmission, some proposed routes through exposures, including the possibility of direct contact via breast-feeding, and sexual transmission or contact. No studies reported evidence of asymptomatic or presymptomatic transmission.",Epidemiological parameters,humans,human to human
"ECDC, (2026), #journal#",Threat assessment brief: Hantavirus-associated cluster of illness on a cruise ship: ECDC assessment and recommendations,"grey literature publication - official government, non-primary:, risk assessment",Andes Virus (ANDV),Yes,"ECDC provides this risk assessment for discussion at the level of the Health Security Committee including the involved countries, UK HSA and the WHO. The risk to the general population in the EU/EEA from ANDV spreading from this cruise ship outbreak is very low. No effective antiviral treatment is available and supportive care is key.  Human-to-human transmission is rare but has been documented in the case of ANDV",Treatment /Prophylaxis; Interventions (PHM and IPC),humans,human to human
"WHO, (2026), #journal#",Management of contacts of Andes virus (ANDV) cases from the MV Hondius cruise ship,"grey literature publication - official government, non-primary:, other type of non-primary",Andes Virus (ANDV),,,,,
"WHO, (2026), #journal#",WHO Technical note for the disembarkation and onward management of passengers and crew in the context of an Andes virus-associated cluster MV Hondius cruise ship,"grey literature publication - official government, non-primary:, other type of non-primary",Andes Virus (ANDV),,,,,
"WHO, (2026), #journal#",Welcome to the Hantavirus Outbreak toolbox,"grey literature publication - official government, non-primary:, other type of non-primary",Andes Virus (ANDV),,,,,
"PHAC, (2026), #journal#",Rapid risk assessment: Hantavirus (Andes virus) outbreak on international cruise ship,"grey literature publication - official government, non-primary:, risk assessment",Andes Virus (ANDV),Yes,"A rapid risk assessment from the Public Health Agency of Canada (May 8, 2026) assessing the likelihood and impact of a traveller infected with ANDV in connection with the MV Hondius cruise ship outbreak entering Canada in the next two weeks.  The overall risk of acquiring ANDV for the general population in connection with the ongoing cruise ship outbreak is low (moderate uncertainty).",Epidemiological parameters; Clinical Data; Treatment /Prophylaxis; Interventions (PHM and IPC),humans,
"Cui, et al, (2026), medRxiv",Modeling the Impact of Exposed Cases in a Hantavirus Outbreak on a Cruise Ship,"pre-print, primary research",Andes Virus (ANDV),Yes,"A discrete-time stochastic Susceptible-Exposed-Infectious-Recovered-Dead model estimated basic reproduction number was 2.76 (95% CI of 2.52-2.99) indicating substantial potential for sustained onboard transmission before strict quarantine measures. Simulations suggest that several exposed individuals may remain unidentified during the early outbreak phase, creating a hidden reservoir that symptom-based surveillance alone may fail to detect.",Epidemiological parameters,humans,human to human
"OngCJN, et al, (2026), New Microbes and New Infections",Hantavirus infections: an emerging zoonotic threat in the context of ecological change,"Peer-reviewed publication, non-primary:, commentary / editorial","Andes Virus (ANDV), Sin Nombre virus (SNV), Hantaan virus (HTNV)",,,,,
"Thaledi, et al, (2026), Journal of Travel Medicine",Cruise Ships as Amplifiers of Emerging Zoonotic Threats: Implications of the Suspected Andes Hantavirus Cluster aboard MV Hondius,"Peer-reviewed publication, non-primary:, commentary / editorial",Andes Virus (ANDV),,,,,
"VelavanTP, et al, (2026), The Lancet Regional Health - Europe",Preparing Europe for imported Andes virus: the role of rapid serology and molecular diagnostics,"Peer-reviewed publication, non-primary:, commentary / editorial","Andes Virus (ANDV), Sin Nombre virus (SNV), Dobrava-Belgrade virus (DOBV), Hantaan virus (HTNV), Puumala virus (PUUV)",,,,,
"Mahase, et al, (2026), BMJ","Disease outbreaks such as Ebola and hantavirus are more frequent and deadly as world ""moves backwards,"" report warns","grey literature publication - other, non-primary:, news article",Andes Virus (ANDV),,,,,
"Akgun, et al, (2026), Transfusion Clinique et Biologique",Hantavirus in 2026: What the MV Hondius Outbreak Demands from Transfusion Medicine,"Peer-reviewed publication, non-primary:, commentary / editorial",Andes Virus (ANDV),,,,,
"Kumar, et al, (2026), Journal of medical virology",Hantavirus Outbreak Aboard a Cruise Ship: An Urgent Wake-Up Call for Ecotourism-Related Zoonotic Risk,"Peer-reviewed publication, non-primary:, commentary / editorial",Andes Virus (ANDV),,,,,
"=Andes Virus Outbreak, et al, (2026), NEJM evidence","Andes Hantavirus Outbreak on a Cruise Ship, 2026","Peer-reviewed publication, primary research",Andes Virus (ANDV),Yes,This public health alert describes the timeline and clinical details of the 2026 Andes Hantavirus Outbreak on a Cruise ship (data up to May 15th). Early sequencing of ANDV from the patients showed a high degree of similarity to previously reported sequences from Argentina. An initial zoonotic introduction before the departure of the ship from Argentina on April 1 is likely.,Epidemiological parameters; Clinical Data; Genomics and structural characterization,humans,"human to human, zoonotic"
"Ceccarelli, et al, (2026), Infectious diseases (London, England)",First epidemic of hantavirus on cruise ships: from passenger surveillance to ship ecology,"Peer-reviewed publication, non-primary:, commentary / editorial","Andes Virus (ANDV), Dobrava-Belgrade virus (DOBV), Hantaan virus (HTNV), Puumala virus (PUUV), Seoul Virus (SEOV)",,,,,
"Rubin, et al, (2026), JAMA",Hantavirus Outbreak: First Test of US Public Health Response After WHO Withdrawal,"grey literature publication - other, non-primary:, news article",Andes Virus (ANDV),,,,,
"PAHO, (2026), #journal#","Clinical management of hantavirus infection, including Andes virus disease: Interim regional guidance for suspected or confirmed cases","grey literature publication - official government, non-primary:, guideline","Andes Virus (ANDV), Human - Americas",Yes,"This publication provides interim guidance to support clinical management and public health response to hantavirus infection, including Andes virus disease. It reflects the best available evidence at the time of publication regarding etiologic, diagnostic and therapeutic information and may be revised as new information emerges.",Clinical Data; Treatment /Prophylaxis; Interventions (PHM and IPC),"humans, children, pregnant persons, immunocompromised","human to human, zoonotic"
"UKHSA, (2026), #journal#",Qualitative assessment of the risk to the UK human population of Andes virus infection in a UK rodent,"grey literature publication - official government, non-primary:, risk assessment","Andes Virus (ANDV), Sin Nombre virus (SNV), Seoul Virus (SEOV)",,,,,
", (2026), clinicaltrials.gov",Accuracy and Calibration of Evidence-Grounded Biomedical Signal Extraction From Free-Text Symptom Descriptions: A Prospective Observational Registry Using the OpenGenome Automated Research Instrument A1 - Anonymous,"grey literature publication - other, non-primary:, protocol","Human - Americas, Human - not Americas",,,,,
"Carretero Rey, et al, (2026), Revista espanola de salud publica",[Epidemiological surveillance of Andes virus: have we really learned anything after COVID-19?],"Peer-reviewed publication, non-primary:, narrative literature review, Spanish",Andes Virus (ANDV),,,,,
"Al-Tawfiq, et al, (2026), Journal of Travel Medicine",Hantavirus at the Hajj: Decoupling Perceived Risk from Epidemiological Reality,"Peer-reviewed publication, non-primary:, commentary / editorial","Andes Virus (ANDV), Sin Nombre virus (SNV), Hantaan virus (HTNV)",,,,,
"PAHO, (2026), #journal#","Infection prevention and control of hantavirus infection, including Andes virus disease. Interim regional guidance for suspected or confirmed cases","grey literature publication - official government, non-primary:, guideline",Andes Virus (ANDV),Yes,"This interim guidance provides practical recommendations for the early recognition and infection prevention and control management, as well as coordination of clinical evaluation and referral of patients with suspected or confirmed hantavirus infection, with particular attention to Andes Virus disease and hantavirus cardiopulmonary syndrome. Suspected hantavirus infection should be managed as a clinical emergency, as patients may initially present with a nonspecific febrile illness but can deteriorate abruptly, progressing to acute respiratory failure, shock, and cardiopulmonary collapse.",Clinical Data; Interventions (PHM and IPC),"humans, healthcare workers, other (specify), household members, sexual partners, caregivers,","human to human, zoonotic"
"Public Health Ontario, (2026), #journal#",Public Health Guidance for Hantavirus (Andes Virus),"grey literature publication - official government, non-primary:, guideline",Andes Virus (ANDV),Yes,"This document provides public health guidance for the identification, assessment and management of suspect, probable and confirmed ANDV cases, and their contacts. This guidance includes clinical manifestations, contact management, and symptom management.",Epidemiological parameters; Clinical Data; Interventions (PHM and IPC),"humans, children, healthcare workers","human to human, direct contact, zoonotic"
"Public Health Ontario, (2026), #journal#",Daily Symptom Monitoring Checklist for Hantavirus (Andes Virus) Infection,"grey literature publication - official government, non-primary:, non-primary grey literature report",Andes Virus (ANDV),,,,,
"Public Health Ontario, (2026), #journal#",Best Practice: Laboratory Testing for Andes Virus,"grey literature publication - official government, non-primary:, guideline",Andes Virus (ANDV),Yes,"This document outlines information on laboratory testing for Andes virus (ANDV), a hantavirus that can be transmitted to humans by rodents in Southern South America and the only hantavirus with reported person-to-person transmission. This document was created in support of the provincial response of Ontario, Canada to the international ANDV outbreak in May 2026 and includes information on testing methods and their related specimens needed.",Diagnostic / Detection test performance,humans,
"Public Health Ontario, (2026), #journal#",Infection Prevention and Control Precautions for Hantavirus (Andes Virus),"grey literature publication - official government, non-primary:, guideline",Andes Virus (ANDV),Yes,This document was created to support health care providers and public health units based on a rapid review of the latest available evidence. This information includes transmission and patient care management.,Interventions (PHM and IPC),humans,human to human
"Soriano, et al, (2026), AIDS reviews",Hantavirus outbreak in a cruise departing from Argentina,"grey literature publication - other, non-primary:, news article",Andes Virus (ANDV),,,,,
"Sathasivam, et al, (2026), Western Pacific Surveillance and Response Journal : WPSAR",#VALUE!,"Peer-reviewed publication, non-primary:, other type of non-primary",Andes Virus (ANDV),,,,,
"Mercier des Rochettes, et al, (2026), medRxiv",Cytokine storm dynamics in hantavirus pulmonary syndrome: a multiscale ODE model with Wasserstein early-warning score and application to the 2026 Andes virus outbreak,"pre-print, primary research",Andes Virus (ANDV),Yes,"This mechanistic mathematical modelling study of Andes hantavirus infection demonstrates that, despite controlled viral replication, a self-sustaining immune feedback loop can drive a cytokine storm once a critical threshold is reached, with early warning signals detectable 1–2 days prior to clinical deterioration. It further proposes a six-variable patient stratification tool and identifies day-7 IL-10–based therapy as the most effective intervention for reducing severe vascular complications, outperforming corticosteroids and ECMO.",Clinical Data; Treatment /Prophylaxis; Immunity,humans,
"Wang, et al, (2026), medRxiv",International risk of secondary hantavirus clusters following MV Hondius outbreak,"pre-print, primary research",Andes Virus (ANDV),Yes,"This mathematical modelling study adapted a stratified branching-process model parameterized with country-level contact tracing and isolation data to estimate the likelihood of secondary transmission following exposure to Andes virus cases linked to the MV Hondius outbreak. The model suggests that overall transmission risk is low, but additional clusters remain possible under conditions of imperfect isolation or pre-symptomatic spread, supporting continued coordinated contact tracing during the incubation period.",Other epidemiology (e.g. emergence and spread),humans,
"KraftL, et al, (2026), The Lancet Regional Health - Europe",Hantavirus Infections-Clinical Recognition and Diagnostic Challenges,"Peer-reviewed publication, non-primary:, commentary / editorial","Andes Virus (ANDV), Sin Nombre virus (SNV), Dobrava-Belgrade virus (DOBV), Puumala virus (PUUV)",,,,,
"Public Health Ontario, (2026), #journal#",Genomic Epidemiology and Molecular Characteristics of Andes Virus,"grey literature publication - official government, non-primary:, rapid review",Andes Virus (ANDV),Yes,This rapid review summarizes current knowledge of the genomic epidemiology and molecular characteristics of the ANDV. The analysis includes a recently sequenced Andes virus genome from the plasma of a symptomatic Swiss individual that was on board the MV Hondius. No mutation has been conclusively demonstrated to independently confer efficient person-to-person transmission in ANDV; most associations remain correlative and require functional validation,Genomics and structural characterization,"animals, humans",human to human
"Abraham, et al, (2026), bioRxiv",Rapid in vitro synthesis of DNA templates via Sidewinder for polyadenylated Hantavirus mRNA vaccine candidates,"pre-print, primary research",Andes Virus (ANDV),Yes,"Using Sidewinder, a novel DNA assembly technology, multiple mRNA vaccine candidates to guard against a potential outbreak of Hantavirus (ANDV) was designed and built. Researchers successfully constructed the DNA templates from oligo pools and produced the mRNA for three vaccine candidates in 2 days after delivery of the synthetic DNA oligos.",Other vaccine studies,"virus - invitro, virus - insilico",
"Durante-Mangoni, et al, (2026), European journal of internal medicine",Human infection with Andes hantavirus: an update for the general physician,"Peer-reviewed publication, non-primary:, narrative literature review","Andes Virus (ANDV), Sin Nombre virus (SNV), Dobrava-Belgrade virus (DOBV), Hantaan virus (HTNV), Puumala virus (PUUV), Seoul Virus (SEOV), Tula virus, Araraquara virus, Choclo virus",,,,,
"Dryden, et al, (2026), Lancet (London, England)",Cruise ship hantavirus outbreak in remote island communities,"Peer-reviewed publication, primary research",Andes Virus (ANDV),Yes,"This correspondence describes the outbreak of Andes hantavirus linked to the MV Hondius cruise ship , where multiple passengers developed severe respiratory illness and several cases and deaths were identified across different locations. Human clinical testing and genomic sequencing of patient samples confirmed the virus and supported rapid international outbreak investigation and containment efforts.",Clinical Data; Other epidemiology (e.g. emergence and spread),humans,"human to human, zoonotic"
"Mitja, et al, (2026), The Lancet Infectious Diseases",Andes virus on a cruise ship: person-to-person transmission and an empty pipeline,"Peer-reviewed publication, non-primary:, commentary / editorial",Andes Virus (ANDV),,,,,
"Public Health Ontario, (2026), #journal#",Biosafety Considerations for Laboratory Testing for Andes Virus,"grey literature publication - official government, non-primary:, guideline",Andes Virus (ANDV),Yes,"This guidance provides interim laboratory direction to support safe routine diagnostic testing specifically for ANDV while minimizing disruption to laboratory operations.  It outlines appropriate biosafety containment requirements and infection prevention and control practices for handling potentially infectious specimens, including recommendations for laboratory procedures and risk mitigation when working with Andes virus samples.",Interventions (PHM and IPC),humans,
"HassanGD, et al, (2026), Journal of Clinical Virology Plus","Hantavirus on the move: Clinical virology, risk communication, and international solidarity in the Tenerife MV Hondius response","Peer-reviewed publication, non-primary:, commentary / editorial",Andes Virus (ANDV),,,,,
"Rubin, et al, (2026), The New England journal of medicine",NEJM Outbreaks Update - Andes Hantavirus,"grey literature publication - other, non-primary:, other type of non-primary",Andes Virus (ANDV),,,,,
"Jacobs, et al, (2026), Transfusion and apheresis science : official journal of the World Apheresis Association : official journal of the European Society for Haemapheresis","Andes virus, hantavirus infections, and the unresolved question of transfusion transmission","Peer-reviewed publication, non-primary:, narrative literature review","Andes Virus (ANDV), Sin Nombre virus (SNV), Hantaan virus (HTNV), Puumala virus (PUUV)",,,,,
"Naz, et al, (2026), Infection","The Andes virus paradox: high lethality, low transmissibility, and the clinical urgency beyond pandemic risk","Peer-reviewed publication, non-primary:, commentary / editorial",Andes Virus (ANDV),,,,,
"Paludan, et al, (2026), The Journal of experimental medicine",Hantavirus disease and the need for pathogenesis-guided therapy,"Peer-reviewed publication, non-primary:, commentary / editorial",Andes Virus (ANDV),,,,,
"Bogacka, et al, (2026), Journal of travel medicine",An Unexpected Outbreak at Sea: Revisiting Hantavirus Transmission Dynamics,"Peer-reviewed publication, non-primary:, narrative literature review",Andes Virus (ANDV),,,,,
"Honce, et al, (2026), Journal of virology",Going wild: prioritizing experimental models of rodent-borne viruses to decode zoonotic spillover and pandemic risk,"Peer-reviewed publication, non-primary:, narrative literature review","Andes Virus (ANDV), Sin Nombre virus (SNV), Dobrava-Belgrade virus (DOBV), Hantaan virus (HTNV), Puumala virus (PUUV), Seoul Virus (SEOV), Bayou virus, Black creek virus, Choclo virus",,,,,
"Chediack, et al, (2026), Medicina intensiva","Hantavirus infection: A narrative review focusing on epidemiology, diagnosis, infection control and treatment in the era of globalisation","Peer-reviewed publication, non-primary:, narrative literature review",Andes Virus (ANDV),,,,,
"Hertelendy, et al, (2026), JAMA",The MV Hondius Hantavirus Outbreak-Lessons for Pandemic Preparedness,"Peer-reviewed publication, non-primary:, commentary / editorial",Andes Virus (ANDV),,,,,
"Huels, et al, (2026), One health (Amsterdam, Netherlands)",#VALUE!,"Peer-reviewed publication, non-primary:, narrative literature review","Andes Virus (ANDV), Sin Nombre virus (SNV), Dobrava-Belgrade virus (DOBV), Puumala virus (PUUV), Tula virus",,,,,
"Public Health Ontario, (2026), #journal#",Insights from Previous Hantavirus (Andes virus) Outbreaks,"grey literature publication - official government, non-primary:, rapid review",Andes Virus (ANDV),both,"This rapid review describes the health care and public health responses to previous outbreaks and clusters of ANDV infections, where the predominant mode of transmission was person-to-person. Additionally, it focuses on what public health and infection prevention and control measures were used to limit further transmission.",Epidemiological parameters; Interventions (PHM and IPC),humans,"human to human, direct contact, zoonotic"
"GuoJ, et al, (2026), The Lancet Regional Health - Europe",The MV Hondius Warning: Hantavirus Surveillance Blind Spots,"Peer-reviewed publication, non-primary:, commentary / editorial","Andes Virus (ANDV), Sin Nombre virus (SNV), Dobrava-Belgrade virus (DOBV), Puumala virus (PUUV), Seoul Virus (SEOV), Tula virus, Laguna Negra virus",,,,,
"AhmedNS, et al, (2026), New Microbes and New Infections","""Hantavirus at sea: Why cruise ships must be ready for animal-borne disease.""","Peer-reviewed publication, non-primary:, commentary / editorial","Human - Americas, Human - not Americas",,,,,
"NishiuraH, et al, (2026), New Microbes and New Infections",Transmission potential of Andes virus from human to human,"Peer-reviewed publication, primary research",Andes Virus (ANDV),Yes,"The study, which analyzed documented human-to-human transmission events of Andes virus (ANDV) from eight published studies between 1993 and 2019, estimates the basic reproduction number (*R*?) of ANDV at 0.24, indicating limited transmissibility and suggesting that sustained outbreaks are unlikely. Based on data from Argentina and Chile, the research also reveals over-dispersed transmission patterns, with some clusters involving more than 10 cases, highlighting the need for further investigation into environmental and epidemiological factors contributing to rare super-spreading events.",Epidemiological parameters,humans,human to human
"TaylorL, (2026), BMJ",WHO fails to agree final part of pandemic agreement,"grey literature publication - other, non-primary:, news article",Andes Virus (ANDV),,,,,
"Pereira, et al, (2026), American journal of transplantation : official journal of the American Society of Transplantation and the American Society of Transplant Surgeons","World Health Organization - Hantavirus cluster linked to cruise ship travel, Multi-country","Peer-reviewed publication, non-primary:, commentary / editorial",Andes Virus (ANDV),,,,,
"Al-Abri, et al, (2026), International journal of infectious diseases : IJID : official publication of the International Society for Infectious Diseases",Outbreak at Sea: The MV Hondius Hantavirus Cluster as a Sentinel for Global Pandemic Readiness,"Peer-reviewed publication, non-primary:, commentary / editorial",Andes Virus (ANDV),,,,,
"Rubin, et al, (2026), JAMA","When Hantavirus Sickened the Ship's Physician, Stephen Kornfeld, MD, Stepped Up","grey literature publication - other, non-primary:, news article",Andes Virus (ANDV),,,,,
"Miriam, et al, (2026), Clinical Microbiology & Infection","First reported case of Andes hantavirus cardiopulmonary syndrome treated with a combination of favipiravir, ribavirin, icatibant and baricitinib","Peer-reviewed publication, primary research",Andes Virus (ANDV),Yes,"The report describes the clinical details and treatment of a 69-year-old Spanish man, repatriated following the multinational ANDV outbreak aboard a cruise ship in May 2026. This is the first documented case of Andes virus (ANDV) hantavirus cardiopulmonary syndrome (HCPS) in Spain and the first worldwide use of a therapeutic regime including two antivirals (favipiravir and ribavirin) and two host-directed drugs (baricitinib and icatibant), which was associated with a favourable clinical outcome.",Clinical Data; Treatment /Prophylaxis,humans,
"KippAJ, et al, (2026), Clinical Microbiology Newsletter",Microbe snapshots: Hantavirus (Sin Nombre),"Peer-reviewed publication, non-primary:, commentary / editorial",Sin Nombre virus (SNV),,,,,
"Rodriguez-MoralesAJ, et al, (2026), New Microbes and New Infections","Andes hantavirus in South America: Emerging epidemiological trends, regional challenges, and lessons beyond the MV Hondius outbreak","Peer-reviewed publication, non-primary:, commentary / editorial",Andes Virus (ANDV),,,,,
"KumarasA, et al, (2026), Indian Journal of Critical Care Medicine","Hantavirus: A Comprehensive Contemporary Review of Virology, Global Epidemiology, Clinical Variants, Diagnosis, Treatment, and Intensive Care Management","Peer-reviewed publication, non-primary:, narrative literature review","Andes Virus (ANDV), Sin Nombre virus (SNV), Amur virus, Hantaan virus (HTNV), Puumala virus (PUUV), Seoul Virus (SEOV), Araraquara virus, Bayou virus, Black creek virus, Laguna Negra virus",,,,,
"Aytekin, et al, (2026), Journal of Consumer Health on the Internet",Internet Health Resources for Hantavirus: Quality and Readability Assessment of Information on Websites,"Peer-reviewed publication, primary research","Human - Americas, Human - not Americas",,,,,
"Kirby, et al, (2026), The Lancet Infectious Diseases",Hantavirus outbreak on cruise ship kills three,"grey literature publication - other, non-primary:, news article",Andes Virus (ANDV),,,,,
"van Genderen, et al, (2026), Journal of travel medicine",Closed Cohorts versus Open Borders: Travel Medicine Lessons from the Ebola and Andes Hantavirus outbreaks,"Peer-reviewed publication, non-primary:, commentary / editorial",Andes Virus (ANDV),,,,,
"Singha, et al, (2026), Research Square",Rational Design and Computational Validation of a Multi-Epitope Vaccine Candidate Targeting Alto Paraguay Hantavirus Nucleocapsid Protein,"pre-print, primary research",Human - rare,,,,,
"van de Veerdonk, et al, (2026), Preprints.org",Kinin Dysregulation in Hantavirus Cardiopulmonary Syndrome and Possible Treatment Targets,"pre-print, non-primary:, narrative literature review","Andes Virus (ANDV), Puumala virus (PUUV)",,,,,
"Ramos-Nino, et al, (2026), Preprints.org","Hantavirus Emergence in a Changing World: Virology, Pathogenesis, Surveillance, and One Health Preparedness","pre-print, non-primary:, narrative literature review","Andes Virus (ANDV), Sin Nombre virus (SNV), Dobrava-Belgrade virus (DOBV), Hantaan virus (HTNV), Puumala virus (PUUV), Seoul Virus (SEOV)",,,,,
"MacSharry, et al, (2026), medRxiv",Future Pandemics: AI-Designed Diagnostic Assays for Detection of Andes Orthohantavirus (ANDV) Associated with the 2026 MV Hondius Outbreak,"pre-print, primary research",Andes Virus (ANDV),Yes,"The study developed an AI-assisted framework that uses evolutionary optimization and thermodynamic evaluation to design lineage-specific diagnostic primers targeting the S genomic segment of the Epuyén lineage of ANDV. In silico validation showed that the optimized primers perfectly distinguished 2026 outbreak sequences from other ANDV variants and outperformed standard protocol-based primers, demonstrating the value of adaptive, AI-driven diagnostic design for viral surveillance and outbreak response.",Diagnostic / Detection test performance,virus - insilico,
"Brüggemann, et al, (2026), Preprints.org",Ribavirin Post-Exposure Prophylaxis for Andes Virus Exposure: a Viewpoint,"pre-print, non-primary:, narrative literature review",Andes Virus (ANDV),,,,,
"TsiodrasS, et al, (2026), New Microbes and New Infections",Hanta on the Hondius - public health and bioethical perspectives of the recent Andes hantavirus cruise ship outbreak,"Peer-reviewed publication, non-primary:, commentary / editorial",Andes Virus (ANDV),,,,,
"Zhao, et al, (2026), The Journal of infection",Pre-zoonotic adaptation of Andes virus before spillover: Implications for cross-host and human transmission,"Peer-reviewed publication, primary research","Andes Virus (ANDV), Hantaan virus (HTNV)",,,,,
"Simons, et al, (2026), bioRxiv",Viral reservoir status in small mammals emerges as a predictable life-history trait after correcting for surveillance bias,"pre-print, primary research","Andes Virus (ANDV), Sin Nombre virus (SNV), Tula virus",,,,,
", (2026), Bulletin of the World Health Organization",#VALUE!,"grey literature publication - other, non-primary:, news article",Andes Virus (ANDV),,,,,
"Tortosa, et al, (2026), The Lancet Infectious Diseases",Use of tocilizumab for severe hantavirus pulmonary syndrome: a MEURI case series with contextual comparisons,"Peer-reviewed publication, primary research",Human - Americas,No,"Between June 1, 2024, and May 5, 2026, 10 out of 13 patients with laboratory-confirmed hantavirus pulmonary syndrome met eligibility criteria for tocilizumab; five received tocilizumab and five did not.  Four of five tocilizumab-treated patients survived to ICU discharge, the fifth treated patient died after rapid progression to refractory shock and all five eligible non-treated patients died after ICU admission.",Clinical Data; Treatment /Prophylaxis,"humans, children",
", (2026), #journal#","Hantaviruses - The characteristics, diagnosis, epidemiology of hantaviruses","grey literature publication - official government, non-primary:, guideline","Andes Virus (ANDV), Sin Nombre virus (SNV), Dobrava-Belgrade virus (DOBV), Hantaan virus (HTNV), Puumala virus (PUUV), Seoul Virus (SEOV), Tula virus, Araraquara virus, Choclo virus, Juquitiba virus, Laguna Negra virus",,,,,
"Quarleri, et al, (2026), GeroScience",Andes virus and the aging host: lessons from the 2026 outbreak and a framework for age-related disease severity,"Peer-reviewed publication, non-primary:, narrative literature review","Andes Virus (ANDV), Lechiguanas virus, Maciel virus",,,,,
"Halwe, et al, (2026), Npj viruses",Andes hantavirus - A primer,"Peer-reviewed publication, non-primary:, commentary / editorial",Andes Virus (ANDV),,,,,
"Baradwan, et al, (2026), European journal of obstetrics, gynecology, and reproductive biology","Pregnancy and hantavirus infection: maternal, fetal, and neonatal outcomes - a systematic review","Peer-reviewed publication, non-primary:, systematic review","Andes Virus (ANDV), Sin Nombre virus (SNV), Dobrava-Belgrade virus (DOBV), Hantaan virus (HTNV), Puumala virus (PUUV), Seoul Virus (SEOV)",,,,,
"Marziano, et al, (2026), Euro surveillance : bulletin Europeen sur les maladies transmissibles = European communicable disease bulletin",Scenario analysis for potential community spread of Andes virus (ANDV),"Peer-reviewed publication, primary research",Andes Virus (ANDV),No,"The authors simulated the potential community spread of Andes virus (ANDV) following the introduction of a single infectious individual in a generic population, based on epidemiological parameters derived from a human-to-human historical outbreak (2018-2019). Using an estimated serial interval of 22.8 days and  R0 value 2.12, analyses suggest that, within 4 months from the index case’s symptom onset, the expected outbreak size is unlikely to exceed 50 cases, with a high probability of epidemic extinction, particularly when > 50% cases are effectively isolated from the start of the outbreak.",Epidemiological parameters; Interventions (PHM and IPC); Other epidemiology (e.g. emergence and spread),humans,human to human
"Bal, et al, (2026), Euro surveillance : bulletin Europeen sur les maladies transmissibles = European communicable disease bulletin","Why Andes hantavirus is not the next SARS-CoV-2: contrasting viral shedding, transmissibility and genomic patterns","Peer-reviewed publication, non-primary:, commentary / editorial",Andes Virus (ANDV),,,,,
"Acharya, et al, (2026), Current opinion in immunology","Hantavirus on the rise: clinical, virological, immunological, and public health perspectives","Peer-reviewed publication, non-primary:, narrative literature review","Andes Virus (ANDV), Sin Nombre virus (SNV), Dobrava-Belgrade virus (DOBV), Hantaan virus (HTNV), Puumala virus (PUUV), Seoul Virus (SEOV), Bayou virus, Black creek virus, Choclo virus, Laguna Negra virus",,,,,
"Liu, et al, (2025), Chinese Journal of Public Health",Research progress on hantavirus vaccines: a review,"Peer-reviewed publication, non-primary:, narrative literature review, Chinese","Andes Virus (ANDV), Sin Nombre virus (SNV), Dobrava-Belgrade virus (DOBV), Hantaan virus (HTNV), Puumala virus (PUUV), Seoul Virus (SEOV), Choclo virus",,,,,
"Temte, et al, (2026), WMJ : official publication of the State Medical Society of Wisconsin",Wisconsin's First Hantavirus Disease Case: A Reminder for an Index of Suspicion,"Peer-reviewed publication, non-primary:, commentary / editorial",Human - Americas,,,,,
"López, et al, (2026), Intensive care medicine",What intensivist need to know about hantavirus cardiopulmonary syndrome,"Peer-reviewed publication, non-primary:, narrative literature review",Human - Americas,,,,,
"Ismail, et al, (2026), Preprints.org","Hantavirus Transmission Dynamics Concerning the United States: Epidemiology, Environmental Risk Factors, and Public Health Implications","pre-print, non-primary:, narrative literature review","Sin Nombre virus (SNV), Human - Americas",,,,,
"Weerheim, et al, (2026), Immunology letters",Could bradykinin pathway inhibition change the course of severe hantavirus disease?,"Peer-reviewed publication, primary research","Human - Americas, Puumala virus (PUUV)",,,,,
"Gallo, et al, (2026), International journal of dermatology",Beyond the Kidney and Lung: Cutaneous and Mucosal Clues to Human Hantavirus Disease,"Peer-reviewed publication, non-primary:, scoping review","Andes Virus (ANDV), Sin Nombre virus (SNV), Dobrava-Belgrade virus (DOBV), Hantaan virus (HTNV), Puumala virus (PUUV), Seoul Virus (SEOV)",,,,,
"Tscherne, et al, (2026), Npj viruses",Vaccines and therapeutics for Andes hantavirus,"Peer-reviewed publication, non-primary:, commentary / editorial",Andes Virus (ANDV),,,,,
"Diago-NavarroE, et al, (2026), The Lancet Regional Health - Europe",From Ebola to Hantavirus: Spain's Preparedness for High-Consequence Infectious Diseases,"Peer-reviewed publication, non-primary:, commentary / editorial",Andes Virus (ANDV),,,,,
"KimY, et al, (2026), The Lancet Regional Health - Europe",Estimating the Potential Burden of Clinically Significant Hantavirus Cases in Argentina,"Peer-reviewed publication, primary research",Human - Americas,Yes,"Using MV Hondius outbreak and tourism statistics, the authors estimated the probability of an infected non-resident cruise passenger being detected during the cruise journey and, based on this probability, the true burden of clinically significant hantavirus cases in the assumed at-risk resident population. They found for the 2025–2026 cruise season from September through April an estimated 292 (95% CI: 17–1285) clinically significant hantavirus cases among dispersed rural residents in Argentine provinces with officially reported cases since July 2019, this central estimate was 3.2 times higher (95% CI: 0.81 times lower to 14 times higher) than 90 cases reported from September 2025 through April 2026.",Other epidemiology (e.g. emergence and spread),humans,
"Böttger, et al, (2026), Medizinische Klinik, Intensivmedizin und Notfallmedizin",[Hantavirus infections: clinical relevance in intensive care and emergency medicine],"Peer-reviewed publication, non-primary:, commentary / editorial, German","Andes Virus (ANDV), Dobrava-Belgrade virus (DOBV), Puumala virus (PUUV)",,,,,
"Meyer, et al, (2026), Lancet (London, England)",Single-dose mRNA vaccines against Andes hantavirus,"Peer-reviewed publication, primary research",Andes Virus (ANDV),Yes,"The authors previously evaluated two mRNA vaccines against intramuscular Andes virus challenge in golden Syrian hamsters: 1-methylpseudouridine-modified or non-modified mRNA modalities encoding the envelope glycoproteins, Gn and Gc, in a single open reading frame. In this Correspondence they show protection after a single dose, with efficacy preserved at reduced dose concentrations.",Immunity,animals,
"Jing, et al, (2026), bioRxiv","Promera: a unified model for biomolecular structure prediction, filtering, and design","pre-print, primary research",Andes Virus (ANDV),Yes,"Promera is a unified model for protein structure prediction and design that excels in co-folding and binder design tasks while introducing binder discrimination —a critical step in de novo library screening—via confidence metrics like the interface contact score (iCS), which enhances nanobody-antigen pair identification. Promera supports targeted binder design through epitope and paratope conditioning, with the Andes hantavirus and ?2AR case studies illustrating control over both epitope targeting and receptor state stabilization.",Genomics and structural characterization,virus - insilico,
"Public Health Ontario, (2026), #journal#",Hantaviruses – Serology and PCR,"grey literature publication - official government, non-primary:, guideline",Andes Virus (ANDV),Yes,"Provides information on the hantavirus testing available through Public Health Ontario (PHO). Including: testing indications, specimen collection and handling, requisitions and kit ordering, test frequency and turnaround time (TAT) and test methods.",Diagnostic / Detection test performance,humans,
"GourjaultC, et al, (2026), New Microbes and New Infections",Hantaviruses and rodent-borne diseases: Distinct ecologies at the human-environment interface,"Peer-reviewed publication, non-primary:, commentary / editorial",Andes Virus (ANDV),,,,,
"WidodoWT, et al, (2026), Thai Journal of Veterinary Medicine",Hantaviruses as priority zoonotic diseases: A comprehensive review,"Peer-reviewed publication, non-primary:, narrative literature review","Andes Virus (ANDV), Sin Nombre virus (SNV), Dobrava-Belgrade virus (DOBV), Hantaan virus (HTNV), Puumala virus (PUUV), Seoul Virus (SEOV), Araraquara virus, Laguna Negra virus",,,,,
"criscuolo, et al, (2026), medRxiv",Hantavirus Disease in Uruguay: Trends and Mortality Before and During the COVID-19 Pandemic,"pre-print, primary research",Human - Americas,No,"The authors aimed to describe the clinical, epidemiological, and occupational characteristics of patients with Hantavirus disease in Uruguay during the pre-pandemic (2018-2019) and pandemic (2020-2021) periods. They identified 58 confirmed cases between 2018 and 2021 with a decline in incidence during 2020-2021, with no significant change in case fatality; direct rodent exposure was the most frequently associated risk factor.",Clinical Data,humans,zoonotic
"Rivero, et al, (2026), bioRxiv",Molecular and ecological determinants of effective reassortment in orthohantaviruses,"pre-print, primary research","Andes Virus (ANDV), Sin Nombre virus (SNV), Dobrava-Belgrade virus (DOBV), Hantaan virus (HTNV), Puumala virus (PUUV), Seoul Virus (SEOV), Tula virus",,,,,
"Adepoju, et al, (2026), #journal#",International response to hantavirus outbreak,"grey literature publication - other, non-primary:, news article",Andes Virus (ANDV),,,,,
"Cabanillas, et al, (2026), Allergy",Hantavirus Outbreak in a Travel-Associated Cruise Ship,"Peer-reviewed publication, non-primary:, commentary / editorial","Andes Virus (ANDV), Sin Nombre virus (SNV), Dobrava-Belgrade virus (DOBV), Puumala virus (PUUV), Seoul Virus (SEOV), Tula virus",,,,,
"PAHO, (2026), #journal#",PAHO and partners strengthen surveillance of hantavirus and other hemorrhagic fevers in the Americas,"grey literature publication - other, non-primary:, news article",Human - Americas,,,,,
"IwuCD, et al, (2026), The Lancet Regional Health - Americas",Beyond the cruise ship: Andes hantavirus and the neglected one health dimensions of global outbreak preparedness,"Peer-reviewed publication, non-primary:, commentary / editorial",Andes Virus (ANDV),,,,,
"Kwan, et al, (2026), Hong Kong medical journal = Xianggang yi xue za zhi",Hantavirus infection: emerging global public health concerns,"Peer-reviewed publication, non-primary:, commentary / editorial",Andes Virus (ANDV),,,,,
"Chughtai, et al, (2026), International journal of nursing studies",Time to provide clear guidance around respiratory protection for hantavirus during outbreaks involving human to human transmission,"Peer-reviewed publication, non-primary:, commentary / editorial",Andes Virus (ANDV),,,,,
"UK Health Security Agency, (2026), #journal#",Hantavirus: vaccine effectiveness following Andes virus exposure,"grey literature publication - official government, non-primary:, rapid review",Andes Virus (ANDV),Yes,"This streamlined systematic evidence summary (search up to 19 May 2026) identified and summarized evidence of the protective efficacy of vaccines for hantavirus in people or animals exposed to Andes virus; evidence for the protective efficacy of vaccines for hantavirus after exposure to Andes virus was only available from pre-clinical animal studies. While there was some evidence to suggest potential for effectiveness of hantavirus vaccines for pre-exposure, sample sizes were small and may not show true effects; further evidence is required, particularly on effectiveness of hantavirus vaccines as pre- or post-exposure prophylaxis following exposure to Andes virus in humans.",Treatment /Prophylaxis; Immunity,animals,
"PintoRM, et al, (2026), Vacunas","From rodents to humans: Andes virus, human transmission, and the vaccine gap","Peer-reviewed publication, non-primary:, commentary / editorial",Andes Virus (ANDV),,,,,
"KoopmansM, et al, (2026), The Lancet Regional Health - Europe","Andes Virus on a Cruise Ship, what it Tells us About the Global Pandemic Preparedness Agenda","Peer-reviewed publication, non-primary:, commentary / editorial",Andes Virus (ANDV),,,,,
"GalliM, et al, (2026), Infezioni in Medicina",Some considerations on hantavirus infections and Andes virus epidemic on the cruise ship Hondius,"Peer-reviewed publication, non-primary:, commentary / editorial",Andes Virus (ANDV),,,,,
"Rasmussen, et al, (2026), Obstetrics & Gynecology",Hantavirus and Pregnancy: What Obstetricians Need to Know,"Peer-reviewed publication, non-primary:, narrative literature review","Andes Virus (ANDV), Sin Nombre virus (SNV), Dobrava-Belgrade virus (DOBV), Hantaan virus (HTNV), Puumala virus (PUUV), Seoul Virus (SEOV)",,,,,
"Pereira, et al, (2026), American Journal of Transplantation","World Health Organization-Hantavirus cluster linked to cruise ship travel, multicountry","Peer-reviewed publication, non-primary:, commentary / editorial",Andes Virus (ANDV),,,,,
"AlnaimiIA, et al, (2026), International Journal of Drug Delivery Technology","Hantavirus Beyond Virology: Social Determinants, Risk Perception, and Community Engagement in Rodent-Borne Disease Prevention","Peer-reviewed publication, non-primary:, narrative literature review",Human - Americas,,,,,
"kumarS, et al, (2026), Clinical Infection in Practice",Emerging threat of hantavirus infection: Public health challenges during an international cruise ship outbreak,"Peer-reviewed publication, non-primary:, commentary / editorial",Andes Virus (ANDV),,,,,
"Public Health Agency of Canada, (2026), #journal#",Notice: Interim recommendations for infection prevention and control of Andes hantavirus in healthcare settings (June 2026),"grey literature publication - official government, non-primary:, guideline",Andes Virus (ANDV),Yes,"The purpose of this document is to provide updated guidance on IPC measures in healthcare settings in the event that a person with suspected, probable, or confirmed ANDV is identified within a Canadian healthcare facility. This guidance also addresses IPC measures in healthcare settings in the event that a high risk contact of a person with probable or confirmed ANDV requires care within a Canadian healthcare facility.",Interventions (PHM and IPC),humans,
"Public Health Agency of Canada, (2026), #journal#","Interim guidance: Public health management of contacts of Andes virus cases from MV Hondius cruise ship (May 26, 2026)","grey literature publication - official government, non-primary:, guideline",Andes Virus (ANDV),Yes,"Adapted from the WHO Interim Guidance (issued May 8 and updated May 15, 2026) and set in the Canadian context, the purpose of this guidance is to support a coherent and common approach to public health management of case contacts across public health authorities in Canada, with an aim to minimize opportunities for human transmission. In the context of the cluster of ANDV related to the MV Hondius cruise ship, the Public Health Agency of Canada (PHAC) has assessed the risk to the general public as low; this may be updated based on changes in epidemiological conditions in Canada and other countries.",Interventions (PHM and IPC),humans,human to human
"LeCorreN, et al, (2026), The Lancet Regional Health - Europe",Three Decades of Hantavirus Management in Chile: Lessons for Europe,"Peer-reviewed publication, non-primary:, commentary / editorial",Andes Virus (ANDV),,,,,
"Shrivastava-Ranjan, et al, (2026), Antiviral Research",Potent In Vitro Antiviral Activity of 4'-Fluorouridine Against Diverse Orthohantaviruses including Andes Virus,"Peer-reviewed publication, primary research","Andes Virus (ANDV), Sin Nombre virus (SNV), Dobrava-Belgrade virus (DOBV), Hantaan virus (HTNV), Puumala virus (PUUV), Seoul Virus (SEOV), Tula virus, Bayou virus, Black creek virus, Choclo virus, Laguna Negra virus, Lechiguanas virus, Maciel virus, Prospect Hill virus",,,,,
"Garcia, et al, (2026), Lancet (London, England)",Hantavirus: the need for a rapid regional response platform in Latin America,"Peer-reviewed publication, non-primary:, commentary / editorial",Andes Virus (ANDV),,,,,
"Elbadawy, et al, (2026), #journal#",Transmission Dynamics and Intervention Analysis of the 2026 Andes Orthohantavirus Outbreak aboard the MV Hondius: An Applied Bayesian Analysis,"pre-print, primary research",Andes Virus (ANDV),Yes,A bayesian mathematical model of the 2026MV Hondius Andes Hantavirus outbreak used multiphasic statistical architecture designed explicitly for small-sample epidemiological outbreaks (n=17) and estimated a  stochastically corrected posterior mean CFR of 21.1% (95% CrI: 7.2% – 42.1%) and suppressed the effective reproduction number to 0.84.,Epidemiological parameters,humans,human to human
"Barlett, et al, (2026), #journal#","The perfect storm: synergistic effects between climate change, El Nińo and habitat, increase the epidemiological risk of Hantavirus in Patagonia","pre-print, primary research",Andes Virus (ANDV),No,"In Argentine Patagonia, hantavirus pulmonary syndrome (HPS), caused by Orthohantavirus andesens* and transmitted by Oligoryzomys longicaudatus, has historically resulted in high case fatalities during outbreaks. Using species distribution models (MaxEnt), the authors predict that climate change, El Nińo events, and anthropic activities will expand suitable rodent habitats eastward, southward, and to higher elevations, increasing HPS risk due to enhanced rodent survival and dispersal.",Other epidemiology (e.g. emergence and spread),humans,"human to human, zoonotic"
"Hu, et al, (2026), BMC global and public health",Climate change and zoonotic spillover: lessons from recent hantavirus events,"Peer-reviewed publication, non-primary:, commentary / editorial",Human - Americas,,,,,
"Rolfe, et al, (2026), Transplantation",Navigating Hantavirus Risk in Transplantation: Implications for Clinical Practice,"Peer-reviewed publication, non-primary:, commentary / editorial",Human - Americas,,,,,
"van den Berg, et al, (2026), Euro surveillance : bulletin Europeen sur les maladies transmissibles = European communicable disease bulletin","Andes virus outbreak linked to expedition cruise ship travel, multi-country investigation and response, April to June 2026","Peer-reviewed publication, primary research",Andes Virus (ANDV),Yes,"Using epidemiological and serological data as well as publicly available sequences, the authors describe that the Andes virus outbreak on the MV Hondius cruise ship likely began  with zoonotic infections before embarkation, followed by human-to-human transmission in confined spaces, resulting in a case fatality rate  of 23%  (3 deaths of 13 linked cases) and prompting a multinational epidemiological investigation. No new cases have been identified as at 18 June, and the quarantine period for most individuals is nearly complete. Ongoing community transmission is considered very unlikely as exposed contacts have been identified and quarantined with weekly testing and/or monitoring, and are rapidly tested if symptomatic.",Clinical Data; Interventions (PHM and IPC); Genomics and structural characterization,humans,"human to human, zoonotic"
"Oberweis, et al, (2026), CMAJ : Canadian Medical Association journal = journal de l'Association medicale canadienne",Hantavirus,"Peer-reviewed publication, non-primary:, other type of non-primary",Andes Virus (ANDV),,,,,
"Bravo, et al, (2026), Frontiers in immunology",Polyfunctional antibody signature defines protection in Andes hantavirus survival,"Peer-reviewed publication, primary research",Andes Virus (ANDV),Yes,"The authors of this study performed a serological profile of acute hantavirus cardiopulmonary syndrome (HCPS) patients and survivors, analyzing antibody types, subtypes, and neutralization capacity targeting ANDV glycoproteins (Gn and GnGc). Acute HCPS patients who developed moderate disease exhibited higher Immunoglobulin G (IgG) levels against the Gn glycoprotein as well as stronger Fc-mediated effector functions, compared to more severe cases, underscoring the functional diversity in the immune response to ANDV glycoproteins during HCPS which can contribute to a long-lasting immune response to restrict ANDV infection.",Immunity,humans,
"Arapovi?, et al, (2026), Biomolecules & biomedicine","Hantaviruses in Southeast Europe: Climate change, rodent reservoirs, and One Health challenges","Peer-reviewed publication, non-primary:, commentary / editorial","Andes Virus (ANDV), Dobrava-Belgrade virus (DOBV), Puumala virus (PUUV)",,,,,
"Braun, et al, (2026), Emergency radiology","Hantavirus infection in emergency radiology: Imaging manifestations, pathophysiology, and infection control considerations","Peer-reviewed publication, non-primary:, narrative literature review","Human - Americas, Human - not Americas",,,,,
"Fama, et al, (2026), Clinical microbiology and infection : the official publication of the European Society of Clinical Microbiology and Infectious Diseases","Andes virus-associated cardiopulmonary syndrome: diagnostic approaches, clinical management, and evidence gaps-a scoping review","Peer-reviewed publication, non-primary:, scoping review",Andes Virus (ANDV),Yes,"This scoping review maps evidence on diagnostic and clinical management strategies for Andes virus–associated hantavirus cardiopulmonary syndrome (ANDV-HCPS), including 40 studies involving 3,500 confirmed patients across endemic and non-endemic regions. Serology served as the primary diagnostic modality in routine practice, with RT-PCR reserved for diagnostically challenging cases; however, no validated ANDV-specific point-of-care test was identified. Management was entirely supportive, with mechanical ventilation, vasopressors, and ECMO used in severe cases associated with improved survival in specialist centres. No approved antiviral therapy exists; evidence for corticosteroids and immune plasma remains limited and inconclusive.",Clinical Data; Diagnostic / Detection test performance,humans,human to human
"Astorga, et al, (2025), Ecosphere",Hantavirus in rodents in the United States: temporal and spatial trends and report of new hosts,"Peer-reviewed publication, primary research",Sin Nombre virus (SNV),,,,,
"Lopez, et al, (2023), BMC Public Health",Modeling potential risk areas of Orthohantavirus transmission in northwestern Argentina using an ecological niche approach,"Peer-reviewed publication, primary research",Human - Americas,both,"The study developed an Orthohantavirus risk transmission map for Northwestern Argentina (NWA) using ecological niche models (ENM) of three rodent reservoir species. The resulting risk map highlighted the Yungas rainforest and parts of the Dry Chaco ecoregions as areas with the highest transmission risk, correlating with 512 and 231 HPS cases, respectively. They estimated that 18% of the NWA population was at risk and 78% of the cases occurred less than 10 km from deforestation. The highest niche overlap was between Calomys fecundus and Oligoryzomys chacoensis.",Other epidemiology (e.g. emergence and spread),"animals, humans",zoonotic
"Blond, et al, (2023), One Health Cases","The Epuyen Outbreak of Hantavirus Pulmonary Syndrome, Argentina, 2018-2019","Peer-reviewed publication, non-primary:, other type of non-primary",Andes Virus (ANDV),,,,,
"Abdool Karim, et al, (2026), #journal#",Hantavirus at sea: a test of the revised IHR and global health solidarity,"Peer-reviewed publication, non-primary:, commentary / editorial",Andes Virus (ANDV),,,,,
"Chowell, et al, (2026), Journal of travel medicine",Counting everyone onboard is not enough: modelling lessons from the MV Hondius Andes virus outbreak,"Peer-reviewed publication, non-primary:, commentary / editorial",Andes Virus (ANDV),,,,,
"Craig, et al, (2026), Journal of travel medicine",What leads to a public health emergency of international concern? A comparison of the 2026 Ebola and hantavirus outbreaks,"Peer-reviewed publication, non-primary:, commentary / editorial",Andes Virus (ANDV),,,,,
